well_case,map_label,api_number,object_id,evidence_type,source_type,row_level_available,approved_runtime_needed,allowed_ml_use,prohibited_ml_use,current_status,source_anchor,next_action,notes
MTE,MTE / Mount Elbert,50029233020000,6085,core_and_log_core_montage,public_source_trail,false,true,calibration_context_and_source_confidence_only,do_not_claim_row_level_core_training_labels,confirmed_source_no_local_rows,USGS Mount Elbert overview and USGS log/core montage,Retrieve row-level core tables or keep as montage/source evidence,Core and montage sources are confirmed but no local row-level core table was found in the audit.
MTE,MTE / Mount Elbert,50029233020000,6085,log_nmr_saturation_target,approved_runtime_workbook_pending,unknown,true,target_candidate_after_workbook_unit_review,do_not_use_saturation_as_predictor,pending_approved_rows,Chong et al. 2022 plus local workbook target headers,Confirm authoritative Sgh/S_h/NMR_SAT target field,Use only if approved workbook rows expose target columns with source and unit policy.
IGS,IGS / Ignik Sikumi,50029234430000,6310,log_nmr_saturation_target,public_ml_source_trail,true,true,target_candidate_after_workbook_unit_review,do_not_call_core_calibrated_without_core_rows,confirmed_log_nmr_not_core_table,Chong et al. 2022 and Singh et al. 2021,Confirm approved workbook rows and target field,Good ML/source anchor for NMR-density Sgh but not a raw core table.
IGS,IGS / Ignik Sikumi,50029234430000,6310,core_rows,missing_unresolved,false,true,blocked_for_core_label_claims,do_not_claim_actual_core_rows,pending_full_boswell_2017_article_or_supplement,USGS field experiment page and NETL field-trial review,Search Boswell et al. 2017 article/report/supplement for core tables,Ignik/IGS remains the weak link for actual core rows.
Hydrate-01,Hydrate-01,50029236130000,6482,sidewall_pressure_core_summary,public_source_trail,true,true,validation_overlay_and_calibration_context,do_not_commit_restricted_core_rows,confirmed_pressure_core_support,USGS Hydrate-01 results and NETL/Yoneda sidewall pressure-core PDF,Use approved/public rows only after source review,Strong sidewall pressure-core support with public summary values and measurements.
Hydrate-01 associated anchor,Kuparuk 7-11-12,50029200620000,200,associated_literature_anchor,public_source_trail,false,true,source_context_for_hydrate_01,do_not_mix_as_primary_hydrate_01_well_without_alias_note,confirmed_associated_anchor,Chong et al. 2022 Hydrate-01/Kuparuk context,Keep linked but separate from Hydrate-01 primary API,Associated anchor for literature context and older well references.
HYDRATE 02,HYDRATE 02,50029237280000,6596,pressure_core_and_sedimentology_supplement,public_and_drive_source_trail,true,true,validation_overlay_and_calibration_context_after_table_pull,do_not_use_without source/version review,confirmed_strongest_core_support,ACS Figshare supplement plus Yoneda 2026 Drive PDF,Pull supplement tables into approved runtime core CSV,Strongest core/pressure-core case for calibration and validation.
HYDRATE 02 associated well,HYDRATE P1,50029237370000,6604,associated_test_well,public_source_trail,false,true,associated_test_context_only,do_not_treat_as_geo_data_well_core_rows,confirmed_associated_well,Aung/Collett HYDRATE 02 well role sources,Use only as associated test-well context unless rows are supplied,Associated observation well for HYDRATE 02 system context.
HYDRATE 02 associated well,HYDRATE P2,50029237320000,6599,associated_test_well,public_source_trail,false,true,associated_test_context_only,do_not_treat_as_geo_data_well_core_rows,confirmed_associated_well,Aung/Collett HYDRATE 02 well role sources,Use only as associated test-well context unless rows are supplied,Associated production well for HYDRATE 02 system context.
