"slide","shape_count","text_shape_count","picture_shape_count","full_slide_picture_count","only_full_slide_image","exported_png"
"1","12","10","0","0","False","C:\Users\Writwik\Documents\north-slope-gas-hydrates-editable-rebuild-source\docs\project_blueprints\presentation_assets\editable_rebuild_2026_06_19\rendered_slides\slide_01_editable_rebuild.png"
"2","16","9","4","0","False","C:\Users\Writwik\Documents\north-slope-gas-hydrates-editable-rebuild-source\docs\project_blueprints\presentation_assets\editable_rebuild_2026_06_19\rendered_slides\slide_02_editable_rebuild.png"
"3","104","25","0","0","False","C:\Users\Writwik\Documents\north-slope-gas-hydrates-editable-rebuild-source\docs\project_blueprints\presentation_assets\editable_rebuild_2026_06_19\rendered_slides\slide_03_editable_rebuild.png"
"4","19","12","0","0","False","C:\Users\Writwik\Documents\north-slope-gas-hydrates-editable-rebuild-source\docs\project_blueprints\presentation_assets\editable_rebuild_2026_06_19\rendered_slides\slide_04_editable_rebuild.png"
"5","30","23","0","0","False","C:\Users\Writwik\Documents\north-slope-gas-hydrates-editable-rebuild-source\docs\project_blueprints\presentation_assets\editable_rebuild_2026_06_19\rendered_slides\slide_05_editable_rebuild.png"
"6","16","11","0","0","False","C:\Users\Writwik\Documents\north-slope-gas-hydrates-editable-rebuild-source\docs\project_blueprints\presentation_assets\editable_rebuild_2026_06_19\rendered_slides\slide_06_editable_rebuild.png"
"7","10","7","1","0","False","C:\Users\Writwik\Documents\north-slope-gas-hydrates-editable-rebuild-source\docs\project_blueprints\presentation_assets\editable_rebuild_2026_06_19\rendered_slides\slide_07_editable_rebuild.png"
"8","17","12","0","0","False","C:\Users\Writwik\Documents\north-slope-gas-hydrates-editable-rebuild-source\docs\project_blueprints\presentation_assets\editable_rebuild_2026_06_19\rendered_slides\slide_08_editable_rebuild.png"
"9","9","7","0","0","False","C:\Users\Writwik\Documents\north-slope-gas-hydrates-editable-rebuild-source\docs\project_blueprints\presentation_assets\editable_rebuild_2026_06_19\rendered_slides\slide_09_editable_rebuild.png"
