file_name,well_code,well_name,profile_file_name,log_date,sample_count,min_depth_m,max_depth_m,min_temperature_c,max_temperature_c,deepest_temperature_c,deepest_window_gradient_c_per_100m
ATI_84AUG08a.txt,ATI,Atigaru Test Well #1,ATI_84AUG08a_c_d,08-AUG-1984,1258,14.94,400.2,-10.028,0.096,0.096,3.8045415747482756
ATI_84AUG08b.txt,ATI,Atigaru Test Well #1,ATI_84AUG08b_c_d,08-AUG-1984,651,400.81,609.6,0.105,10.754,10.754,5.016372143196604
ATI_89JUL09a.txt,ATI,Atigaru Test Well #1,ATI_89JUL09a_c_d,09-JUL-1989,1381,14.63,301.35,-9.928,-3.768,-3.768,2.7409366657156835
ATI_89JUL09b.txt,ATI,Atigaru Test Well #1,ATI_89JUL09b_c_d,09-JUL-1989,1562,289.87,608.28,-4.089,10.592,10.592,5.05624539345368
ATI_80SEP11.txt,ATI,Atigaru Test Well #1,ATI_80SEP11,11-SEP-1980,194,12.3,605.62,-9.466,10.764,10.764,4.981006273705068
ATI_79SEP12.txt,ATI,Atigaru Test Well #1,ATI_79SEP12,12-SEP-1979,193,12.19,609.6,-9.397,11.083,11.083,4.9291656318484
ATI_07AUG13.txt,ATI,Atigaru Test Well #1,ATI_07AUG13_c_d,13-AUG-2007,2038,14.59,200.46,-9.485,-6.465,-6.465,1.9740005856530134
ATI_77DEC14.txt,ATI,Atigaru Test Well #1,ATI_77DEC14,14-DEC-1977,161,11.58,605.94,-8.527,11.434,11.434,4.75311539627857
ATI_02AUG16a.txt,ATI,Atigaru Test Well #1,ATI_02AUG16a_c_d,16-AUG-2002,4858,9.11,501.63,-9.561,5.191,5.191,5.179809615108371
ATI_78SEP16.txt,ATI,Atigaru Test Well #1,ATI_78SEP16,16-SEP-1978,195,9.14,609.6,-9.08,11.292,11.292,4.811808362875901
ATI_81AUG26.txt,ATI,Atigaru Test Well #1,ATI_81AUG26,26-AUG-1981,197,12.19,609.6,-9.62,10.9,10.9,4.95551487322441
AWU_82SEP06.txt,AWU,Awuna Test Well #1,AWU_82SEP06,06-SEP-1982,134,15.24,423.67,-4.46,6.196,6.196,2.857281126153155
AWU_12AUG07.txt,AWU,Awuna,AWU_12AUG07_c_d,07-AUG-2012,1858,5.35,199.42,-5.986,-1.249,-2.813,2.9082816814466343
AWU_02AUG14b.txt,AWU,Awuna,AWU_02AUG14b_c_d,14-AUG-2002,3630,4.12,398.63,-6.229,3.326,3.326,2.9520719377481397
AWU_81AUG22.txt,AWU,Awuna Test Well #1,AWU_81AUG22,22-AUG-1981,227,30.48,719.33,-2.112,14.881,14.881,2.1576156086106066
AWU_08JUL24.txt,AWU,Awuna,AWU_08JUL24_c_d,24-JUL-2008,2303,3.29,201.91,-6.158,-1.68,-2.805,2.957508875205743
AWU_84JUL29.txt,AWU,Awuna Test Well #1,AWU_84JUL29_c_d,29-JUL-1984,2800,14.02,879.96,-6.085,17.005,17.005,2.738392926148814
AWU_83AUG30.txt,AWU,Awuna Test Well #1,AWU_83AUG30,30-AUG-1983,282,21.34,877.83,-5.865,17.106,17.106,2.740236811717947
AWU_89JUL31.txt,AWU,Awuna Test Well #1,AWU_89JUL31_c_d,31-JUL-1989,4268,13.11,882.6,-6.446,16.765,16.765,2.755165499274358
CNR_79SEP17.txt,CNR,Canning River Unit A1,CNR_79SEP17,17-SEP-1979,186,9.14,571.81,-7.136,8.732,8.732,2.6003169023007904
CNR_14JUN27.txt,CNR,Canning River Unit A1,CNR_14JUN27_c_d,27-JUN-2014,2378,5.89,264.78,-5.436,-0.53,-0.53,2.9281402482925
CNR_81AUG28.txt,CNR,Canning River Unit A1,CNR_81AUG28,28-AUG-1981,86,9.14,268.22,-6.943,-0.301,-0.301,2.9661897208408874
CNR_74AUG29.txt,CNR,Canning River Unit A1,CNR_74AUG29,29-AUG-1974,113,9.14,350.52,-4.107,6.742,6.742,2.371577287151669
DRP_83SEP05.txt,DRP,Drew Point Test Well #1,DRP_83SEP05,05-SEP-1983,96,36.58,615.7,-9.108,11.533,11.533,3.7517046214492784
DRP_80SEP08.txt,DRP,Drew Point Test Well #1,DRP_80SEP08,08-SEP-1980,66,36.58,234.7,-8.795,-3.31,-3.31,3.0507195812697416
DRP_07AUG09.txt,DRP,Drew Point,DRP_07AUG09_c_d,09-AUG-2007,2293,3.27,210.21,-9.404,-4.355,-4.355,3.168550129344281
DRP_84AUG10a.txt,DRP,Drew Point Test Well #1,DRP_84AUG10a_c_d,10-AUG-1984,1927,40.54,631.85,-9.101,11.946,11.946,3.7549123545103695
DRP_89JUL13.txt,DRP,Drew Point Test Well #1,DRP_89JUL13_c_d,13-JUL-1989,2879,39.32,631.24,-9.225,11.876,11.876,3.7572259802203947
DRP_79SEP13.txt,DRP,Drew Point Test Well #1,DRP_79SEP13,13-SEP-1979,189,42.67,615.7,-8.622,11.723,11.723,3.7151659643497146
DRP_78SEP17.txt,DRP,Drew Point Test Well #1,DRP_78SEP17,17-SEP-1978,191,36.58,615.7,-7.454,12.293,12.293,3.667335390797344
DRP_03AUG25.txt,DRP,Drew Point,DRP_03AUG25_c_d,25-AUG-2003,3623,34.5,373.84,-9.36,2.573,2.573,4.825691749676723
DRP_81AUG26.txt,DRP,Drew Point Test Well #1,DRP_81AUG26,26-AUG-1981,193,36.58,621.79,-8.939,11.878,11.878,3.7741224534771405
EB1_75AUG15.txt,EB1,Echooka Unit No. 1,EB1_75AUG15,15-AUG-1975,96,15.24,304.8,-5.83,1.154,1.154,1.6635283271092898
EB1_73SEP26.txt,EB1,Echooka Unit No. 1,EB1_73SEP26,26-SEP-1973,167,12.19,588.27,-4.429,7.873,7.873,1.9054052588832033
EB1_81AUG28.txt,EB1,Echooka Unit No. 1,EB1_81AUG28,28-AUG-1981,190,12.19,588.27,-5.145,6.922,6.922,2.0567591216883283
EB1_13JUL28.txt,EB1,Echooka #1,EB1_13JUL28_c_d,28-JUL-2013,3216,8.57,559.82,-3.617,6.257,6.257,2.0665791139613066
ESN_83SEP05.txt,ESN,East Simpson Test Well #1,ESN_83SEP05,05-SEP-1983,89,24.38,560.83,-9.468,7.981,7.981,4.246060232028958
ESN_12AUG09.txt,ESN,East Simpson,ESN_12AUG09_c_d,09-AUG-2012,1880,10.65,199.4,-8.997,-5.129,-5.129,2.660687346233025
ESN_84AUG10.txt,ESN,East Simpson Test Well #1,ESN_84AUG10_c_d,10-AUG-1984,1852,12.8,579.73,-9.772,8.57,8.57,4.255330069338083
ESN_07AUG10b.txt,ESN,East Simpson,ESN_07AUG10b_c_d,10-AUG-2007,2149,9.14,206.49,-9.129,-4.875,-4.875,2.7238263478279072
ESN_79SEP13.txt,ESN,East Simpson Test Well #1,ESN_79SEP13,13-SEP-1979,183,9.14,563.88,-8.08,8.976,8.976,4.12070738485267
ESN_80SEP13.txt,ESN,East Simpson Test Well #1,ESN_80SEP13,13-SEP-1980,183,9.14,563.88,-9.203,8.566,8.566,4.268671942238861
ESN_02AUG23.txt,ESN,East Simpson,ESN_02AUG23_c_d,23-AUG-2002,3991,11.2,448.85,-9.266,3.247,3.247,3.9416924423693467
ESN_89JUL23.txt,ESN,East Simpson Test Well #1,ESN_89JUL23_c_d,23-JUL-1989,2719,17.07,580.95,-9.86,8.509,8.509,4.255434391578858
ESN_81AUG24.txt,ESN,East Simpson Test Well #1,ESN_81AUG24,24-AUG-1981,178,9.14,566.93,-9.344,8.309,8.309,4.242530705222681
ETK_84AUG01.txt,ETK,East Teshekpuk Test Well #1,ETK_84AUG01_c_d,01-AUG-1984,2251,31.39,719.94,-9.221,19.656,19.656,4.20434890136119
ETK_07AUG04.txt,ETK,East Teshekpuk Test Well #1,ETK_07AUG04_c_d,04-AUG-2007,2221,2.94,201.57,-8.865,-2.392,-2.392,4.815373506328284
ETK_80SEP10.txt,ETK,East Teshekpuk Test Well #1,ETK_80SEP10,10-SEP-1980,183,12.19,707.14,-9.421,19.439,19.439,4.37005129926939
ETK_79SEP12.txt,ETK,East Teshekpuk Test Well #1,ETK_79SEP12,12-SEP-1979,224,12.19,710.19,-9.564,19.527,19.527,4.201784134266243
ETK_89JUL15.txt,ETK,East Teshekpuk Test Well #1,ETK_89JUL15_c_d,15-JUL-1989,863,10.67,213.26,-9.692,-1.638,-1.638,4.879685617457405
ETK_77DEC17.txt,ETK,East Teshekpuk Test Well #1,ETK_77DEC17,17-DEC-1977,156,10.97,712.01,-9.529,19.533,19.533,4.15455602340212
ETK_78SEP17.txt,ETK,East Teshekpuk Test Well #1,ETK_78SEP17,17-SEP-1978,220,12.64,701.49,-9.085,19.103,19.103,4.161935503576624
ETK_03AUG18b.txt,ETK,East Teshepuk,ETK_03AUG18b_c_d,18-AUG-2003,3007,8.04,303.72,-8.996,2.014,2.014,4.36275139611154
FCK_12AUG04.txt,FCK,West Fish Creek,FCK_12AUG04_c_d,04-AUG-2012,1948,7.9,199.43,-7.905,-2.517,-2.517,4.727970288740027
FCK_84AUG07.txt,FCK,West Fish Creek Test Well #1,FCK_84AUG07_c_d,07-AUG-1984,1605,14.02,508.71,-9.945,9.246,9.246,3.5191348381171355
FCK_89JUL09.txt,FCK,West Fish Creek Test Well #1,FCK_89JUL09_c_d,09-JUL-1989,2429,13.11,511.15,-9.553,9.049,9.049,3.5049131777195695
FCK_77DEC11.txt,FCK,West Fish Creek Test Well #1,FCK_77DEC11,11-DEC-1977,128,23.16,620.57,-7.292,14.683,14.683,3.433878457500498
FCK_79SEP12.txt,FCK,West Fish Creek Test Well #1,FCK_79SEP12,12-SEP-1979,205,15.24,664.47,-8.808,15.409,15.409,3.6425955197035647
FCK_80SEP12.txt,FCK,West Fish Creek Test Well #1,FCK_80SEP12,12-SEP-1980,208,12.19,664.47,-9.082,15.437,15.437,3.648033553035121
FCK_78SEP16.txt,FCK,West Fish Creek Test Well #1,FCK_78SEP16,16-SEP-1978,206,12.19,661.42,-8.079,15.587,15.587,3.5870241347595493
FCK_08JUL19.txt,FCK,West Fish Creek,FCK_08JUL19_c_d,19-JUL-2008,2545,13.43,249.17,-8.052,-0.444,-0.444,4.672893565851799
FCK_81AUG21.txt,FCK,West Fish Creek Test Well #1,FCK_81AUG21,21-AUG-1981,191,12.19,667.51,-9.181,15.324,15.324,3.6559697120289814
IKP_07AUG03a.txt,IKP,Ikpikpuk,IKP_07AUG03a_c_d,03-AUG-2007,1970,16.68,200.07,-8.118,-3.793,-3.793,3.122619467495285
IKP_84AUG05a.txt,IKP,Ikpikpuk Test Well #1,IKP_84AUG05a_c_d,05-AUG-1984,709,12.8,231.65,-9.969,-2.724,-2.724,2.51765213669921
IKP_84AUG05b.txt,IKP,Ikpikpuk Test Well #1,IKP_84AUG05b_c_d,05-AUG-1984,1206,233.17,606.55,-2.658,7.972,7.972,2.95499813306543
IKP_12AUG05.txt,IKP,Ikpikpuk,IKP_12AUG05_c_d,05-AUG-2012,1927,6.25,199.4,-8.01,-3.814,-3.814,3.1051237638145617
IKP_89JUL06.txt,IKP,Ikpikpuk Test Well #1,IKP_89JUL06_c_d,06-JUL-1989,2810,12.8,613.46,-9.84,7.715,7.715,2.921314584237471
IKP_80SEP10.txt,IKP,Ikpikpuk Test Well #1,IKP_80SEP10,10-SEP-1980,195,15.24,609.6,-6.433,9.326,9.326,2.7876929649638145
IKP_83AUG20.txt,IKP,Ikpikpuk Test Well #1,IKP_83AUG20,20-AUG-1983,150,18.29,609.6,-8.686,7.957,7.957,2.910684385993586
IKP_02AUG21a.txt,IKP,Ikpikpuk,IKP_02AUG21a_c_d,21-AUG-2002,4076,8.86,453.31,-8.242,2.899,2.899,2.5234038926818396
IKP_81AUG23.txt,IKP,Ikpikpuk Test Well #1,IKP_81AUG23,23-AUG-1981,195,12.19,609.6,-8.032,8.478,8.478,2.8659096475180226
JWD_80SEP08.txt,JWD,J.W. Dalton Test Well #1,JWD_80SEP08,08-SEP-1980,142,30.48,460.25,-9.397,3.143,3.143,4.401882442214851
JWD_84AUG09.txt,JWD,J.W. Dalton Test Well #1,JWD_84AUG09_c_d,09-AUG-1984,1356,44.2,461.77,-9.958,2.56,2.56,4.538007120960649
JWD_89JUL11.txt,JWD,J.W. Dalton Test Well #1,JWD_89JUL11_c_d,11-JUL-1989,2049,34.44,463.8,-10.123,2.313,2.313,4.475036865211143
JWD_79SEP13.txt,JWD,J.W. Dalton Test Well #1,JWD_79SEP13,13-SEP-1979,137,45.72,460.25,-5.675,6.508,6.508,4.174857382450559
JWD_81AUG26.txt,JWD,J.W. Dalton Test Well #1,JWD_81AUG26,26-AUG-1981,139,30.48,460.25,-9.729,2.693,2.693,4.633132441000674
JWD_83AUG26.txt,JWD,J.W. Dalton Test Well #1,JWD_83AUG26,26-AUG-1983,142,27.43,460.25,-10.025,2.418,2.418,4.475285878522572
JWD_03AUG26.txt,JWD,J.W. Dalton,JWD_03AUG26_c_d,26-AUG-2003,4417,27.56,458.33,-9.99,2.139,2.139,4.52130517856995
KAG_84AUG06.txt,KAG,Kugrua Test Well #1,KAG_84AUG06_c_d,06-AUG-1984,1196,12.8,379.48,-9.186,3.712,3.712,3.636040475532324
KAG_12AUG08.txt,KAG,Kugrua,KAG_12AUG08_c_d,08-AUG-2012,1860,10.08,199.36,-7.575,-2.438,-2.438,4.008891345517935
KAG_78SEP15.txt,KAG,Kugrua Test Well #1,KAG_78SEP15,15-SEP-1978,150,15.24,527.0,-4.98,10.406,10.406,2.7686401724086336
KAG_79SEP15.txt,KAG,Kugrua Test Well #1,KAG_79SEP15,15-SEP-1979,157,27.43,527.31,-6.879,8.925,8.925,3.0815408580039367
KAG_80SEP16.txt,KAG,Kugrua Test Well #1,KAG_80SEP16,16-SEP-1980,161,12.19,524.26,-7.737,8.72,8.72,3.1503006747674407
KAG_02AUG24.txt,KAG,Kugrua,KAG_02AUG24_c_d,24-AUG-2002,3374,10.49,398.58,-8.084,4.291,4.291,3.8930182642420674
KAG_83AUG25.txt,KAG,Kugrua Test Well #1,KAG_83AUG25,25-AUG-1983,164,21.34,521.21,-8.214,8.214,8.214,3.1216998963978972
KAG_08JUL25.txt,KAG,Kugrua,KAG_08JUL25_c_d,25-JUL-2008,2020,8.96,199.38,-7.771,-2.548,-2.548,4.022884551198543
KAG_89JUL26.txt,KAG,Kugrua Test Well #1,KAG_89JUL26_c_d,26-JUL-1989,826,12.19,184.3,-8.839,-2.795,-2.795,4.07828815446773
KAG_81AUG29.txt,KAG,Kugrua Test Well #1,KAG_81AUG29,29-AUG-1981,159,12.19,521.21,-8.091,8.225,8.225,2.9569698882996183
KOL_12AUG03.txt,KOL,Koluktak,KOL_12AUG03_c_d,03-AUG-2012,2006,4.98,199.58,-6.391,-2.253,-2.588,3.2202880918049783
KOL_83SEP07.txt,KOL,Koluktak Test Well #1,KOL_83SEP07,07-SEP-1983,66,21.34,219.46,-7.406,-1.987,-1.987,3.0583061976584567
KOL_02AUG12.txt,KOL,Koluktak,KOL_02AUG12_c_d,12-AUG-2002,2233,10.86,226.94,-6.741,-1.954,-1.954,3.0140370027838492
KOL_07JUL22.txt,KOL,Koluktak,KOL_07JUL22_c_d,22-JUL-2007,2227,3.99,198.78,-6.608,-2.686,-2.686,3.237447420108868
KOL_81AUG23.txt,KOL,Koluktak Test Well #1,KOL_81AUG23,23-AUG-1981,65,18.29,213.36,-6.716,-1.575,-1.575,2.966508204764781
KOL_89JUL29.txt,KOL,Koluktak Test Well #1,KOL_89JUL29_c_d,29-JUL-1989,988,14.12,221.99,-7.24,-1.979,-1.979,3.063429057311374
KOL_84JUL30.txt,KOL,Koluktak Test Well #1,KOL_84JUL30_c_d,30-JUL-1984,678,14.02,221.89,-7.499,-1.931,-1.931,3.047511969956587
KUY_84AUG02.txt,KUY,Kuyanak Test Well #1,KUY_84AUG02_c_d,02-AUG-1984,2613,15.54,819.91,-8.874,20.419,20.419,4.557291906752193
KUY_12AUG05.txt,KUY,Kuyanak,KUY_12AUG05_c_d,05-AUG-2012,1843,7.25,199.67,-8.394,-4.757,-4.757,2.867337720042853
KUY_07AUG11.txt,KUY,Kuyanak,KUY_07AUG11_c_d,11-AUG-2007,2121,6.98,201.24,-8.528,-4.714,-4.714,2.8974173751925405
KUY_83AUG21.txt,KUY,Kuyanak Test Well #1,KUY_83AUG21,21-AUG-1983,269,21.34,838.2,-8.606,21.694,21.694,4.519730213243613
KUY_81AUG25.txt,KUY,Kuyanak Test Well #1,KUY_81AUG25,25-AUG-1981,231,15.24,716.28,-7.326,16.471,16.471,4.223307826451048
KUY_02AUG25.txt,KUY,Kuyanak Test Well #1,KUY_02AUG25_c_d,25-AUG-2002,3734,10.63,428.49,-8.671,3.516,3.516,3.5208407054548823
LBN_83SEP01.txt,LBN,Lisburne Test Well #1,LBN_83SEP01,01-SEP-1983,157,30.48,512.07,-4.581,5.437,5.437,2.0212294681281384
LBN_80SEP09.txt,LBN,Lisburne Test Well #1,LBN_80SEP09,09-SEP-1980,158,24.38,515.11,-0.625,9.021,9.021,1.8760535317450588
LBN_89JUL21.txt,LBN,Lisburne Test Well #1,LBN_89JUL21_c_d,21-JUL-1989,1576,22.86,518.16,-5.264,5.123,5.123,2.0585751598200663
LBN_81AUG22.txt,LBN,Lisburne Test Well #1,LBN_81AUG22,22-AUG-1981,162,24.38,515.11,-3.424,6.464,6.464,2.0026252485567295
LBN_02AUG22a.txt,LBN,Lisburne Test Well #1,LBN_02AUG22a_c_d,22-AUG-2002,985,14.17,143.74,-5.011,-3.413,-3.413,1.7185339571692846
LBN_02AUG22b.txt,LBN,Lisburne,LBN_02AUG22b_c_d,22-AUG-2002,2162,160.29,398.5,-3.004,2.516,2.516,2.2359715422016446
LBN_84JUL28.txt,LBN,Lisburne Test Well #1,LBN_84JUL28_c_d,28-JUL-1984,1602,22.56,515.72,-4.718,5.393,5.393,2.0371170688598084
LUP_75AUG15.txt,LUP,Lupine Unit No. 1,LUP_75AUG15,15-AUG-1975,143,15.24,448.06,-0.566,8.062,8.062,1.139890067386704
LUP_79SEP17.txt,LUP,Lupine Unit No. 1,LUP_79SEP17,17-SEP-1979,143,15.24,448.06,-3.173,4.936,4.936,2.0275867394898803
LUP_13JUL26.txt,LUP,Lupine Creek,LUP_13JUL26_c_d,26-JUL-2013,2805,11.41,459.91,-2.634,4.76,4.76,2.091632560838382
LUP_81AUG28.txt,LUP,Lupine Unit No. 1,LUP_81AUG28,28-AUG-1981,143,15.24,448.06,-3.203,4.941,4.941,2.226620468581912
NIN_89JUL06a.txt,NIN,North Inigok Test Well #1,NIN_89JUL06a_c_d,06-JUL-1989,1877,9.14,396.44,-8.306,4.238,4.238,3.661732757175477
NIN_89JUL06b.txt,NIN,North Inigok Test Well #1,NIN_89JUL06b_c_d,06-JUL-1989,963,381.61,579.73,3.715,11.243,11.243,3.63357301030346
NIN_07AUG08.txt,NIN,North Inigok Test Well #1,NIN_07AUG08_c_d,08-AUG-2007,2172,5.75,199.87,-7.698,-3.11,-3.11,4.049464787861401
NIN_12AUG10.txt,NIN,North Inigok,NIN_12AUG10_c_d,10-AUG-2012,1875,6.24,199.42,-7.567,-3.111,-3.111,4.027601218137017
NIN_02AUG26.txt,NIN,North Inigok Test Well #1,NIN_02AUG26_c_d,26-AUG-2002,3729,6.24,400.62,-7.828,4.275,4.275,3.6846918605669368
NIN_85JUN29.txt,NIN,North Inigok Test Well #1,NIN_85JUN29_c_d,29-JUN-1985,1706,17.34,567.5,-8.697,11.183,11.183,3.6861645343310356
NIN_82AUG31.txt,NIN,North Inigok Test Well #1,NIN_82AUG31,31-AUG-1982,261,10.67,576.07,-6.883,12.797,12.797,3.6407242062447103
NKP_84AUG01a.txt,NKP,North Kalikpik Test Well #1,NKP_84AUG01a_c_d,01-AUG-1984,383,15.54,136.25,-9.539,-3.582,-3.582,5.257822773170772
NKP_84AUG01b.txt,NKP,North Kalikpik Test Well #1,NKP_84AUG01b_c_d,01-AUG-1984,1596,146.3,637.03,-3.076,20.081,20.081,4.636757187029581
NKP_07AUG08.txt,NKP,North Kalikpik Test Well #1,NKP_07AUG08_c_d,08-AUG-2007,2131,5.89,200.02,-8.601,-0.493,-0.493,5.205736092707179
NKP_12AUG10.txt,NKP,North Kalikpik,NKP_12AUG10_c_d,10-AUG-2012,1940,5.34,199.51,-8.467,-0.492,-0.492,5.1805061319946475
NKP_79SEP10.txt,NKP,North Kalikpik Test Well #1,NKP_79SEP10,10-SEP-1979,129,18.29,643.13,-8.364,20.525,20.525,4.529823203829684
NKP_80SEP11.txt,NKP,North Kalikpik Test Well #1,NKP_80SEP11,11-SEP-1980,207,15.24,643.13,-8.788,20.451,20.451,4.626339771755521
NKP_78SEP16.txt,NKP,North Kalikpik Test Well #1,NKP_78SEP16,16-SEP-1978,205,15.24,643.13,-7.236,21.077,21.077,4.520271344669767
NKP_03AUG19b.txt,NKP,North Kalikpik,NKP_03AUG19b_c_d,19-AUG-2003,2695,10.61,266.86,-8.742,2.666,2.666,4.7344196221156345
NKP_81AUG20.txt,NKP,North Kalikpik Test Well #1,NKP_81AUG20,20-AUG-1981,206,15.24,643.13,-8.957,20.366,20.366,4.620101054284969
PEA_84AUG06.txt,PEA,Peard Bay Test Well #1,PEA_84AUG06_c_d,06-AUG-1984,1706,30.78,552.6,-8.385,7.631,7.631,3.0878039007017195
PEA_12AUG14.txt,PEA,Peard,PEA_12AUG14_c_d,14-AUG-2012,1848,12.14,199.58,-7.86,-3.655,-3.655,2.957932595764504
PEA_79SEP15.txt,PEA,Peard Bay Test Well #1,PEA_79SEP15,15-SEP-1979,172,30.48,551.69,-6.311,8.755,8.755,3.079127804293854
PEA_80SEP16.txt,PEA,Peard Bay Test Well #1,PEA_80SEP16,16-SEP-1980,170,30.48,545.59,-7.861,7.87,7.87,3.1217849563375863
PEA_03AUG21b.txt,PEA,Peard,PEA_03AUG21b_c_d,21-AUG-2003,3522,27.59,357.62,-8.147,1.546,1.546,2.9491598996554886
PEA_07JUL23.txt,PEA,Peard Test Well #1,PEA_07JUL23_c_d,23-JUL-2007,2366,7.74,224.1,-8.093,-2.824,-2.824,3.0189364925647553
PEA_89JUL26.txt,PEA,Peard Bay Test Well #1,PEA_89JUL26_c_d,26-JUL-1989,534,25.91,135.64,-8.568,-5.419,-5.419,3.0961715265957577
PEA_81AUG29.txt,PEA,Peard Bay Test Well #1,PEA_81AUG29,29-AUG-1981,172,30.48,551.69,-8.138,7.775,7.775,3.126595279562335
PEA_83AUG29.txt,PEA,Peard Bay Test Well #1,PEA_83AUG29,29-AUG-1983,172,30.48,551.69,-8.334,7.572,7.572,3.0861009288248678
SBE_83SEP01.txt,SBE,Seabee Test Well #1,SBE_83SEP01,01-SEP-1983,107,57.91,381.0,-5.987,1.787,1.787,2.0849469092528023
SBE_12AUG06.txt,SBE,Seabee,SBE_12AUG06_c_d,06-AUG-2012,1808,12.19,199.47,-5.763,-2.641,-2.641,2.8151440079515355
SBE_80SEP09.txt,SBE,Seabee Test Well #1,SBE_80SEP09,09-SEP-1980,109,51.82,381.0,-3.331,3.64,3.64,1.2713766584121302
SBE_84AUG11.txt,SBE,Seabee Test Well #1,SBE_84AUG11_c_d,11-AUG-1984,1076,53.64,382.22,-6.17,1.76,1.76,2.163744558347148
SBE_02AUG13.txt,SBE,Seabee Test Well #1,SBE_02AUG13_c_d,13-AUG-2002,3320,49.81,391.6,-6.104,1.649,1.649,1.875759561135592
SBE_89JUL19.txt,SBE,Seabee Test Well #1,SBE_89JUL19_c_d,19-JUL-1989,1567,53.95,380.09,-6.366,1.537,1.537,2.0104532857521527
SBE_81AUG20.txt,SBE,Seabee Test Well #1,SBE_81AUG20,20-AUG-1981,109,51.82,381.0,-5.222,2.365,2.365,1.7566506223503167
SBE_07JUL21.txt,SBE,Seabee,SBE_07JUL21_c_d,21-JUL-2007,2042,11.6,199.75,-5.969,-2.681,-2.681,2.8721846794487598
SME_84AUG04.txt,SME,South Meade Test Well #1,SME_84AUG04_c_d,04-AUG-1984,1591,12.8,503.83,-9.924,13.718,13.718,4.108424530074572
SME_12AUG09.txt,SME,South Meade,SME_12AUG09_c_d,09-AUG-2012,1494,8.27,159.82,-6.904,-1.379,-1.379,5.038588325864968
SME_07AUG10.txt,SME,South Meade,SME_07AUG10_c_d,10-AUG-2007,1686,8.7,159.69,-7.169,-1.369,-1.369,5.078881614369872
SME_79SEP14.txt,SME,South Meade Test Well #1,SME_79SEP14,14-SEP-1979,173,15.24,539.5,-6.797,16.43,16.43,4.08986606515038
SME_80SEP14.txt,SME,South Meade Test Well #1,SME_80SEP14,14-SEP-1980,173,15.24,539.5,-7.79,15.931,15.931,4.164725592103516
SME_02AUG20.txt,SME,South Meade,SME_02AUG20_c_d,20-AUG-2002,2432,8.8,300.53,-7.48,4.088,4.088,3.9276429627665412
SME_83AUG21.txt,SME,South Meade Test Well #1,SME_83AUG21,21-AUG-1983,159,18.75,502.92,-8.539,13.674,13.674,4.045266101423429
SME_81AUG25.txt,SME,South Meade Test Well #1,SME_81AUG25,25-AUG-1981,172,18.29,539.5,-7.98,15.591,15.591,4.17978038804669
SOH_12AUG04.txt,SOH,South Harrison Bay,SOH_12AUG04_c_d,04-AUG-2012,1947,6.96,199.73,-8.818,-5.655,-5.655,2.9232333825902823
SOH_89JUL07.txt,SOH,South Harrison Test Well #1,SOH_89JUL07_c_d,07-JUL-1989,735,12.19,244.75,-9.719,-4.248,-4.248,3.2065008009798355
SOH_84AUG08.txt,SOH,South Harrison Test Well #1,SOH_84AUG08_c_d,08-AUG-1984,758,16.15,248.41,-10.491,-4.015,-4.015,3.213668665171819
SOH_07AUG12.txt,SOH,South Harrison Bay,SOH_07AUG12_c_d,12-AUG-2007,2360,1.15,208.13,-8.942,4.039,-5.401,3.039457858727012
SOH_79SEP12.txt,SOH,South Harrison Test Well #1,SOH_79SEP12,12-SEP-1979,81,15.24,257.56,-9.598,-3.333,-3.333,3.1965857730821563
SOH_80SEP12.txt,SOH,South Harrison Test Well #1,SOH_80SEP12,12-SEP-1980,78,15.24,249.94,-9.678,-3.659,-3.659,3.228116069278461
SOH_78SEP15.txt,SOH,South Harrison Test Well #1,SOH_78SEP15,15-SEP-1978,81,12.19,256.03,-8.902,-2.837,-2.837,3.1824494483148675
SOH_77DEC16.txt,SOH,South Harrison Test Well #1,SOH_77DEC16,16-DEC-1977,83,15.85,265.79,-8.26,-2.348,-2.348,2.877259347944237
SOH_81AUG21.txt,SOH,South Harrison Test Well #1,SOH_81AUG21,21-AUG-1981,80,15.24,256.03,-9.819,-3.667,-3.667,3.1750698615411146
SOH_02AUG27b.txt,SOH,South Harrison Bay,SOH_02AUG27b_c_d,27-AUG-2002,2331,1.56,243.91,-9.064,1.159,-4.405,3.15579517367282
TLK_12AUG11.txt,TLK,Tunalik,TLK_12AUG11_c_d,11-AUG-2012,1813,14.11,199.48,-7.736,-3.542,-3.542,3.371046339755239
TLK_80SEP15.txt,TLK,Tunalik Test Well #1,TLK_80SEP15,15-SEP-1980,168,21.34,530.35,-4.308,12.919,12.919,3.1778148876446677
TLK_89JUL18.txt,TLK,Tunalik Test Well #1,TLK_89JUL18_c_d,18-JUL-1989,1950,18.29,437.69,-8.348,5.83,5.83,3.4862495507059803
TLK_03AUG20b.txt,TLK,Tunalik,TLK_03AUG20b_c_d,20-AUG-2003,3282,13.97,344.14,-7.911,2.156,2.156,3.795077080496244
TLK_83AUG24.txt,TLK,Tunalik Test Well #1,TLK_83AUG24,24-AUG-1983,167,24.38,530.35,-7.458,9.797,9.797,3.315575576756587
TLK_07JUL24.txt,TLK,Tunalik,TLK_07JUL24_c_d,24-JUL-2007,2037,13.84,201.61,-7.912,-3.477,-3.477,3.3913666827949953
TLK_81AUG29.txt,TLK,Tunalik Test Well #1,TLK_81AUG29,29-AUG-1981,168,21.34,530.35,-6.202,11.009,11.009,3.363624961619315
TLK_84JUL31b.txt,TLK,Tunalik Test Well #1,TLK_84JUL31b_c_d,31-JUL-1984,1661,22.86,533.4,-7.817,9.733,9.733,3.4264933567115374
TUL_14JUL02.txt,TUL,Tulageak Test Well #1,TUL_14JUL02_c_d,02-JUL-2014,3578,6.2,431.76,-8.82,5.451,5.451,4.252500241902298
TUL_84AUG03a.txt,TUL,Tulageak Test Well #1,TUL_84AUG03a_c_d,03-AUG-1984,150,8.23,54.86,-10.546,-9.287,-9.287,1.9553924905978217
TUL_84AUG03b.txt,TUL,Tulageak Test Well #1,TUL_84AUG03b_c_d,03-AUG-1984,2026,56.02,706.43,-9.3,17.11,17.11,4.613644155163715
TUL_07AUG11.txt,TUL,Tulageak,TUL_07AUG11_c_d,11-AUG-2007,2109,3.62,200.47,-9.027,-3.725,-3.725,4.375104727494371
TUL_03AUG23.txt,TUL,Tulageak Test Well #1,TUL_03AUG23_c_d,23-AUG-2003,4000,3.87,354.55,-9.159,2.154,2.154,3.8844752172647676
TUL_81AUG24.txt,TUL,Tulageak Test Well #1,TUL_81AUG24,24-AUG-1981,224,12.19,707.14,-9.05,17.884,17.884,4.403189112147333
TUL_83AUG25.txt,TUL,Tulageak Test Well #1,TUL_83AUG25,25-AUG-1983,218,30.48,707.14,-9.706,17.593,17.593,4.356145612871081
TUL_89JUL27.txt,TUL,Tulageak Test Well #1,TUL_89JUL27_c_d,27-JUL-1989,2831,8.23,599.75,-9.605,12.398,12.398,4.109775847711675
WDS_14JUL04.txt,WDS,West Dease Test Well #1,WDS_14JUL04_c_d,04-JUL-2014,2394,72.74,458.42,-8.494,7.301,7.301,4.123782788064494
WDS_80SEP14.txt,WDS,West Dease Test Well #1,WDS_80SEP14,14-SEP-1980,213,70.1,716.28,-7.741,19.752,19.752,4.591835138604495
WDS_81AUG23.txt,WDS,West Dease Test Well #1,WDS_81AUG23,23-AUG-1981,214,70.1,719.33,-8.416,19.484,19.484,4.687912879485188
WDS_83AUG28.txt,WDS,West Dease Test Well #1,WDS_83AUG28,28-AUG-1983,159,70.1,798.58,-8.654,23.327,23.327,4.968398711149885
WDS_89JUL28.txt,WDS,West Dease Test Well #1,WDS_89JUL28_c_d,28-JUL-1989,3550,71.32,794.92,-8.697,23.096,23.096,4.888202677758615
